m/z,intensity
601.321136474609,711046
602.324890136719,236666
603.327331542969,42952
604.101593017578,19748
606.965606689453,215584
608.9208984375,8800
610.083374023438,9530
610.250244140625,2912
610.894287109375,15710
610.984313964844,24186
611.074645996094,30430
611.167846679688,16828
612.813842773438,2526
612.894958496094,10888
612.9853515625,32046
613.076110839844,45018
613.169738769531,33308
613.260437011719,14010
615.336090087891,5558
615.79638671875,16044
615.940856933594,16548
616.080932617188,16582
619.079345703125,8500
619.170349121094,50676
619.261199951172,72986
619.352233886719,73694
619.443298339844,62604
619.534759521484,47152
619.626495361328,20346
619.716125488281,2596
621.170593261719,5524
621.260955810547,51264
621.35205078125,77262
621.442932128906,90580
621.534759521484,85320
621.626678466797,71106
621.717895507812,55938
621.809265136719,33672
621.900329589844,23266
621.990783691406,5670
622.083618164062,2752
622.477355957031,2556
622.807312011719,6738
622.897766113281,59390
622.989227294922,722118
623.080017089844,1858610
623.171173095703,2780414
623.262390136719,2953126
623.353332519531,2501586
623.444274902344,1824832
623.535400390625,1154666
623.626617431641,646380
623.717712402344,328516
623.808258056641,150172
623.8544921875,2510
623.899841308594,66970
623.984619140625,36554
624.077026367188,59164
624.174560546875,61922
624.275970458984,56022
624.3759765625,44486
624.4755859375,27942
624.536254882812,2712
624.575378417969,22320
624.626525878906,8516
624.717041015625,19722
624.808898925781,22844
624.899169921875,8048
624.976013183594,146286
625.078735351562,8792
625.170471191406,2554
627.169921875,8270
627.262512207031,5238
627.352966308594,2612
629.352600097656,57402
630.355194091797,17874
646.58642578125,8352
646.755981445312,9150
646.866333007812,2584
647.883544921875,35024
647.984436035156,109178
648.084533691406,172176
648.185119628906,168414
648.284912109375,126026
648.385131835938,78634
648.485717773438,48370
648.533172607422,18988
648.585784912109,30528
648.646423339844,52626
648.685913085938,2698
648.7578125,74756
648.851867675781,133276
648.979309082031,35280
649.101196289062,139222
649.351806640625,30536
649.602325439453,5690
651.785949707031,12740
651.88671875,55730
651.930480957031,7752
651.986724853516,77308
652.091522216797,128430
652.186828613281,71572
652.294006347656,90542
652.387023925781,17592
652.496307373047,45096
652.585815429688,2700
652.697113037109,5508
653.282592773438,6034
656.444702148438,35724
656.778503417969,21238
657.112274169922,5476
657.678771972656,2698
658.587036132812,15748
658.710327148438,10496
659.799743652344,14404
659.943725585938,21796
660.08544921875,11970
660.117797851562,98790
660.618835449219,45524
661.119659423828,14300
665.085876464844,8502
665.257019042969,5432
669.094116210938,2534
671.88232421875,2934
671.984375,37442
672.08349609375,63858
672.184387207031,94258
672.284423828125,105216
672.384460449219,85794
672.485168457031,63340
672.585052490234,44158
672.68505859375,17444
672.785339355469,3016
673.683837890625,16106
673.784484863281,77216
673.884521484375,124404
673.985107421875,136074
674.084716796875,118638
674.185302734375,92640
674.285461425781,81212
674.385864257812,68568
674.485900878906,71058
674.586303710938,53640
674.6865234375,30874
674.786437988281,18114
675.986419677734,6336
676.086853027344,45788
676.186767578125,65948
676.286865234375,68692
676.38720703125,66612
676.487182617188,51442
676.586669921875,36986
676.687683105469,17930
676.789154052734,5940
680.189239501953,13252
680.289245605469,28462
680.388610839844,44148
680.490112304688,52494
680.589447021484,43112
680.690002441406,15076
680.790618896484,13146
681.187438964844,5602
681.289398193359,12858
681.389038085938,16056
681.488647460938,13834
681.588195800781,5912
681.991088867188,2508
682.034423828125,9156
682.092468261719,3354
682.191955566406,5216
683.098022460938,2618
683.388000488281,148022
683.487884521484,459464
683.588317871094,716288
683.6884765625,772814
683.7890625,777968
683.889282226562,749222
683.98974609375,692568
684.090576171875,549348
684.191528320312,395486
684.290954589844,244812
684.3916015625,136458
684.491333007812,77120
684.59033203125,49816
684.643737792969,18346
684.689575195312,32818
684.755859375,32500
684.792541503906,14106
684.869873046875,36250
684.898742675781,6720
684.942077636719,3624
684.982208251953,44336
685.030029296875,10468
685.048889160156,3974
685.089202880859,67048
685.145446777344,12742
685.189086914062,277460
685.232299804688,4102
685.289031982422,643164
685.337219238281,2972
685.388427734375,6864112
685.488708496094,16447832
685.588928222656,25018300
685.689086914062,25926296
685.789306640625,22815966
685.889526367188,16594126
685.989624023438,10316100
686.089782714844,6172526
686.190155029297,3190910
686.290130615234,1604690
686.390380859375,809594
686.490478515625,400292
686.557495117188,26144
686.590087890625,247366
686.657043457031,111414
686.687835693359,150572
686.755615234375,71740
686.788940429688,154176
686.852294921875,50700
686.888092041016,153198
686.941223144531,71790
686.988128662109,168364
687.04931640625,16508
687.087921142578,215910
687.140930175781,7580
687.188903808594,256772
687.244812011719,24628
687.289520263672,292184
687.337646484375,24780
687.3896484375,311426
687.447052001953,11916
687.489685058594,282136
687.547302246094,3758
687.589721679688,233844
687.64208984375,14744
687.689208984375,180360
687.741821289062,9692
687.789367675781,131110
687.841064453125,3624
687.888977050781,107194
687.942138671875,3454
687.988159179688,84800
688.087951660156,57348
688.190032958984,38838
688.28662109375,23418
688.388580322266,16152
688.587646484375,8100
688.689025878906,19822
688.789001464844,30776
688.889404296875,38036
688.988647460938,22344
689.090270996094,37454
689.189910888672,5316
689.486297607422,6446
689.533325195312,2550
689.589294433594,25292
689.689270019531,26146
689.788208007812,31314
689.888763427734,29184
689.988220214844,17728
690.091003417969,14240
690.690734863281,2694
690.790710449219,25700
690.89111328125,42622
690.990753173828,57796
691.091033935547,65102
691.191589355469,40874
691.291137695312,26384
691.388610839844,17634
691.489562988281,5630
691.52685546875,2570
691.593536376953,5492
692.085144042969,2522
692.393920898438,18616
692.494262695312,19330
692.594024658203,32318
692.694061279297,20626
692.793823242188,12354
693.092407226562,2632
694.087036132812,2548
695.195190429688,2552
695.292663574219,26160
695.392517089844,44124
695.493011474609,42634
695.592681884766,39640
695.69287109375,21492
695.792663574219,15822
695.893371582031,2562
698.3017578125,2526
700.100280761719,7098
700.487396240234,5444
700.991027832031,2590
701.087219238281,2510
701.390747070312,2782
701.493530273438,29664
701.593994140625,45382
701.694580078125,48460
701.794342041016,43064
701.894653320312,30390
701.9951171875,19638
702.095092773438,5798
703.088500976562,5342
707.285400390625,5774
707.386566162109,5270
709.586944580078,6218
709.687072753906,11210
709.7880859375,5470
715.596374511719,2668
715.833068847656,2680
716.088745117188,17868
716.307922363281,8906
716.501342773438,5762
716.589508056641,5436
717.592498779297,5684
717.693664550781,8040
717.792205810547,5326
718.429901123047,27594
718.596801757812,78206
718.688507080078,32160
718.766479492188,75728
718.886688232422,45152
718.932006835938,27034
718.993133544922,30424
719.088470458984,54230
719.192047119141,29046
719.284118652344,29836
719.391845703125,13812
719.488403320312,7660
719.79150390625,2616
719.895477294922,5490
719.985565185547,49908
720.094787597656,128152
720.204803466797,155188
720.316589355469,144418
720.428375244141,115574
720.493713378906,2520
720.539733886719,73752
720.651214599609,36774
720.763122558594,8990
721.495056152344,10510
721.594421386719,16032
721.696441650391,11892
721.79443359375,5420
723.20556640625,2984
723.318511962891,5326
723.429382324219,2854
723.540832519531,5480
723.649108886719,2506
723.760314941406,10102
723.870666503906,4130
723.980560302734,6672
724.091918945312,3296
724.206359863281,10912
724.318603515625,152014
724.430084228516,405170
724.541687011719,600006
724.652740478516,623058
724.764038085938,507680
724.875244140625,364208
724.986145019531,226090
725.096801757812,146794
725.208129882812,82816
725.319396972656,36026
725.429321289062,13658
725.540710449219,9594
725.980529785156,2774
726.094482421875,16974
726.205688476562,35974
726.316589355469,57682
726.428131103516,51108
726.539184570312,37964
726.651428222656,15344
726.760009765625,5642
727.424865722656,2716
727.539855957031,16294
727.600952148438,8554
727.651428222656,35710
727.725616455078,5690
727.761840820312,56658
727.869384765625,41356
727.982849121094,41708
728.096923828125,27990
728.2080078125,8736
728.615264892578,26344
728.865539550781,34948
729.115539550781,23082
729.727233886719,69010
729.852722167969,150580
729.977661132812,199922
730.102966308594,173626
730.228607177734,111456
730.353576660156,64034
730.478942871094,32186
730.605712890625,2670
731.090515136719,2706
731.649291992188,3118
731.759948730469,6650
731.871337890625,5270
731.980987548828,5346
732.097595214844,6018
735.204467773438,3150
735.314086914062,2612
739.594665527344,13914
739.719116210938,28074
739.845367431641,12386
739.97021484375,2628
745.427001953125,32792
745.760986328125,20146
746.092712402344,8732
746.649108886719,15782
746.760803222656,63986
746.871520996094,113760
746.983001708984,173632
747.094604492188,207708
747.205993652344,189064
747.317504882812,141780
747.428588867188,87978
747.540100097656,51350
747.65234375,29034
747.763946533203,5458
748.607238769531,3678
748.649505615234,108892
748.760986328125,270678
748.872131347656,439796
748.983337402344,466272
749.094970703125,386454
749.206146240234,288714
749.317779541016,201350
749.428833007812,143898
749.540222167969,119236
749.652221679688,74698
749.763305664062,49838
749.874267578125,31852
750.983947753906,2532
751.096923828125,15218
751.208679199219,63150
751.319488525391,142246
751.430480957031,214008
751.541748046875,230484
751.652954101562,213210
751.764038085938,163200
751.874877929688,117764
751.986267089844,62598
752.097351074219,44760
752.208618164062,9806
752.321594238281,2772
753.09619140625,2508
753.429931640625,2566
753.54052734375,5674
753.766174316406,22038
753.875732421875,12024
753.986022949219,18760
754.099487304688,40430
754.210021972656,25716
754.320648193359,30078
754.432373046875,8170
755.766235351562,9138
755.877716064453,48596
755.988891601562,115582
756.099975585938,144244
756.211303710938,161788
756.322235107422,125808
756.434020996094,110848
756.544830322266,63096
756.65576171875,28164
756.768127441406,15782
756.880187988281,3046
757.108581542969,8920
757.440734863281,8230
757.655822753906,2734
757.767150878906,8522
757.879516601562,26474
757.989685058594,47632
758.102142333984,56438
758.213134765625,47578
758.325256347656,36312
758.433837890625,24306
758.54541015625,11682
759.213439941406,5302
759.321472167969,13178
759.431182861328,424848
759.542663574219,1148552
759.654174804688,1802114
759.765686035156,1972718
759.877044677734,1983486
759.988952636719,1823648
760.100891113281,1630356
760.212463378906,1303994
760.324005126953,970930
760.435119628906,613622
760.546447753906,357616
760.657775878906,212236
760.768249511719,133246
760.830474853516,7466
760.88134765625,77822
760.944580078125,23602
760.990295410156,62096
761.046356201172,33600
761.102172851562,80902
761.156188964844,24738
761.210876464844,100534
761.265045166016,35346
761.28662109375,7162
761.323211669922,142112
761.374938964844,37880
761.432403564453,712080
761.494781494141,23554
761.543823242188,1672942
761.595672607422,24116
761.654357910156,16903114
761.705627441406,6990
761.765686035156,41451558
761.877136230469,61626742
761.988464355469,68342312
762.099792480469,57292220
762.210998535156,40338822
762.322387695312,25963332
762.433715820312,14948252
762.544799804688,7891046
762.656127929688,4014192
762.707946777344,10460
762.767028808594,1953982
762.819305419922,12510
762.878234863281,1006860
762.931121826172,9446
762.988342285156,608166
763.031494140625,24610
763.099060058594,437902
763.125244140625,214644
763.173645019531,10308
763.209228515625,377226
763.27197265625,108296
763.320983886719,350676
763.380218505859,97186
763.433410644531,460876
763.488464355469,34288
763.543975830078,494214
763.596984863281,18368
763.654968261719,628464
763.765808105469,755960
763.828735351562,29548
763.877807617188,750360
763.936340332031,28008
763.989044189453,711322
764.100189208984,584294
764.210906982422,457198
764.275146484375,5054
764.320983886719,378422
764.385894775391,16994
764.431915283203,282506
764.486450195312,7240
764.543334960938,207058
764.595764160156,10718
764.653778076172,144620
764.702209472656,5738
764.765258789062,98520
764.835845947266,6546
764.87548828125,62856
764.944610595703,5828
764.985046386719,39128
765.049072265625,2508
765.099609375,46342
765.211639404297,45558
765.321960449219,59602
765.433166503906,65110
765.544158935547,67912
765.656127929688,60768
765.766235351562,51826
765.878601074219,39660
765.987518310547,22674
766.096405029297,35678
766.209594726562,56610
766.3203125,81744
766.432373046875,100084
766.5439453125,86444
766.655578613281,71478
766.766845703125,59326
766.878723144531,32854
766.988220214844,15356
767.100891113281,2528
767.545837402344,20004
767.65673828125,68392
767.768402099609,138474
767.879272460938,175726
767.990478515625,184752
768.101531982422,165278
768.212829589844,111782
768.322509765625,65330
768.433288574219,41524
768.543579101562,14672
768.653503417969,13030
769.325439453125,31400
769.437805175781,60696
769.549560546875,94566
769.599975585938,2726
769.660095214844,114758
769.729736328125,5486
769.771453857422,124276
769.882202148438,109630
769.992370605469,85598
770.102600097656,60348
770.214477539062,18534
770.326721191406,2814
770.598327636719,2608
770.655334472656,2758
770.873748779297,11520
770.98583984375,20326
771.09716796875,23260
771.205932617188,15230
771.31689453125,8352
771.425689697266,5436
772.547027587891,30922
772.660339355469,95894
772.7724609375,158540
772.883361816406,161948
772.993408203125,125596
773.103942871094,90640
773.214691162109,42882
773.324584960938,22866
773.435028076172,6378
775.778930664062,2554
775.849365234375,5438
775.890350341797,5940
775.975769042969,13320
776.099914550781,8414
776.227447509766,27158
776.319946289062,19556
776.4111328125,9384
776.502166748047,5710
778.202758789062,2612
778.31787109375,2908
778.429138183594,15828
778.543701171875,25034
778.654937744141,18686
778.766357421875,14966
778.875793457031,21552
778.98681640625,41046
779.099273681641,55270
779.208709716797,30194
779.31787109375,17292
779.435424804688,33600
779.548889160156,76250
779.660339355469,116058
779.772186279297,124238
779.883361816406,111400
779.994659423828,82446
780.105834960938,52674
780.216369628906,28108
780.328796386719,11610
781.32275390625,2672
782.089172363281,3414
782.202880859375,2724
783.985900878906,9136
784.097106933594,9402
785.761962890625,16500
785.873779296875,37214
785.984985351562,54940
786.096252441406,56440
786.207397460938,43760
786.319763183594,35410
786.430358886719,22260
786.541534423828,5938
788.430969238281,36214
788.54150390625,68790
788.653015136719,66262
788.764038085938,65906
788.875122070312,37322
788.987640380859,19836
789.099853515625,7874
793.097839355469,7658
795.321899414062,2804
795.430114746094,31930
795.541564941406,27150
795.652526855469,25718
795.765289306641,5256
795.991088867188,10538
796.103118896484,17838
796.215454101562,16616
796.326538085938,7914
797.436889648438,15832
797.547973632812,16554
797.659790039062,8268
797.770202636719,6756
798.436645507812,2870
798.548583984375,31236
798.659545898438,61182
798.77197265625,71116
798.882385253906,63336
798.993225097656,52368
799.103424072266,54234
799.214721679688,39902
799.324890136719,33310
799.436004638672,20044
799.545715332031,15654
799.884033203125,6324
799.994445800781,18550
800.107116699219,27630
800.217590332031,18666
800.327209472656,17064
800.437438964844,10106
800.549530029297,6654
800.658294677734,5410
800.768005371094,2536
801.098449707031,2554
801.662353515625,14892
801.771850585938,39298
801.884399414062,40420
801.993713378906,32560
802.106384277344,34278
802.219482421875,8292
805.98291015625,81482
810.104705810547,33218
810.233520507812,79482
810.357482910156,110274
810.482635498047,107606
810.607574462891,90856
810.732604980469,52794
810.858581542969,32476
810.984558105469,3694
813.607788085938,2724
813.734375,2608
813.859649658203,6904
813.984924316406,2534
814.231140136719,9754
814.354675292969,11602
814.48046875,9554
814.604766845703,6404
814.730194091797,5626
814.858093261719,10432
814.984069824219,165566
815.109619140625,452602
815.235046386719,666992
815.360473632812,695702
815.485382080078,571968
815.611450195312,409504
815.734802246094,245110
815.861755371094,165830
815.984191894531,87870
816.112182617188,54924
816.233093261719,16870
816.359252929688,8950
816.760314941406,11132
816.982299804688,11580
817.104461669922,58714
817.232727050781,59098
817.357482910156,56132
817.427825927734,5272
817.48193359375,46770
817.607482910156,37572
817.735473632812,13606
818.482299804688,3216
818.608032226562,22736
818.732971191406,45458
818.858764648438,50348
818.984069824219,49454
819.109436035156,35902
819.233703613281,17154
819.3583984375,6594
819.6455078125,193692
820.147003173828,130714
820.647186279297,57616
821.147521972656,17964
823.104797363281,3312
823.231994628906,9092
823.357147216797,6446
823.482299804688,2548
823.607513427734,6140
825.108337402344,5326
825.231903076172,6276
825.356536865234,5948
825.480163574219,3166
827.104553222656,2604
827.229248046875,5306
827.352844238281,2738
827.476806640625,2762
830.636291503906,18604
831.138336181641,5502
834.117126464844,30602
834.260803222656,69916
834.404174804688,100898
834.547241210938,82392
834.690063476562,54452
834.833953857422,22614
834.976867675781,2504
836.931762695312,2910
840.23095703125,7838
840.3564453125,43764
840.481628417969,89084
840.607604980469,100426
840.732421875,100488
840.857788085938,80208
840.982818603516,57944
841.108459472656,29708
841.235229492188,6232
842.356231689453,87866
842.4814453125,260092
842.606872558594,371708
842.732116699219,398580
842.857147216797,334054
842.982604980469,253300
843.108093261719,180460
843.233947753906,96742
843.3583984375,57606
843.4833984375,21416
843.609954833984,11480
845.109008789062,11136
845.236694335938,51728
845.360412597656,132696
845.484832763672,190728
845.537963867188,15524
845.610412597656,214026
845.681762695312,14236
845.735504150391,189002
845.860290527344,137416
845.984008789062,97356
846.1103515625,71380
846.236053466797,23990
846.360168457031,3552
847.984100341797,5128
848.109985351562,8438
848.234924316406,7510
848.360321044922,15792
848.486450195312,17016
848.611022949219,25654
848.737548828125,10000
850.364624023438,2728
850.4873046875,29148
850.613098144531,83168
850.738220214844,109914
850.862884521484,115492
850.988037109375,102378
851.113922119141,75342
851.238739013672,36988
851.364349365234,19470
851.631530761719,31328
852.133026123047,16682
852.488037109375,2524
852.63037109375,2602
852.739471435547,11660
852.863830566406,20822
852.989685058594,25806
853.115539550781,32248
853.238922119141,19136
853.366027832031,5718
853.858215332031,9180
853.953002929688,20430
854.051818847656,22158
854.154296875,14536
854.249145507812,20400
854.360046386719,9298
854.486145019531,356954
854.556274414062,2700
854.611389160156,974584
854.736572265625,1488684
854.861999511719,1636342
854.987426757812,1533664
855.113098144531,1426672
855.239166259766,1187716
855.364624023438,948500
855.490173339844,666340
855.615356445312,435792
855.740234375,244808
855.799682617188,2772
855.865753173828,143140
855.989562988281,85696
856.116394042969,77128
856.197296142578,28888
856.239593505859,53056
856.2841796875,38202
856.36376953125,70670
856.423217773438,43966
856.446807861328,8050
856.490905761719,84070
856.561584472656,44294
856.614105224609,103090
856.675018310547,29336
856.737121582031,535408
856.813049316406,10866
856.862670898438,1257836
856.919372558594,3328
856.986999511719,12758096
857.045288085938,3102
857.1123046875,32291390
857.237609863281,48520694
857.362854003906,51108722
857.488098144531,43703506
857.613342285156,31769502
857.738525390625,19961542
857.811279296875,3040
857.863586425781,11481234
857.927124023438,8948
857.988830566406,6166606
858.0537109375,6634
858.113830566406,3198354
858.172668457031,132458
858.239013671875,1562312
858.292938232422,221668
858.363616943359,833804
858.419281005859,182294
858.488586425781,442734
858.544799804688,132204
858.612426757812,336306
858.661346435547,63690
858.69580078125,9716
858.737396240234,281490
858.800354003906,60992
858.863800048828,282890
858.915008544922,60178
858.988433837891,331588
859.050170898438,31076
859.112365722656,368930
859.175415039062,10128
859.237426757812,455610
859.30419921875,2682
859.362457275391,543352
859.433776855469,27298
859.488067626953,578478
859.614074707031,565262
859.688018798828,11230
859.738250732422,432618
859.800476074219,10294
859.86279296875,338282
859.931945800781,12142
859.986755371094,272540
860.112457275391,266808
860.236633300781,165560
860.298034667969,3056
860.361419677734,108860
860.425476074219,2932
860.486022949219,75316
860.612243652344,61364
860.738006591797,38400
860.865234375,20566
860.987731933594,23672
861.113525390625,47802
861.238159179688,59998
861.363159179688,56124
861.489227294922,40268
861.612823486328,28170
861.739624023438,20354
861.861694335938,14162
861.985656738281,32530
862.109710693359,54182
862.236877441406,67108
862.361877441406,85540
862.487060546875,79654
862.613037109375,69268
862.737762451172,53402
862.863403320312,32076
862.987701416016,16224
863.1142578125,2652
863.614624023438,16606
863.73974609375,54080
863.865112304688,86102
863.989227294922,119348
864.114807128906,112896
864.239318847656,99230
864.363922119141,69062
864.487121582031,47592
864.612152099609,26886
864.736755371094,14164
864.861999511719,2678
865.470825195312,2544
865.618713378906,16762
865.742858886719,49884
865.868408203125,79026
865.99365234375,91100
866.118743896484,102166
866.242767333984,82996
866.367309570312,62720
866.492614746094,42502
866.613616943359,11200
866.743103027344,2504
867.484191894531,2632
867.60986328125,8262
867.736633300781,2566
867.853881835938,2536
869.241271972656,15200
869.368255615234,68478
869.493347167969,103154
869.618774414062,93460
869.742126464844,66660
869.867095947266,52532
869.99267578125,27182
870.117614746094,8972
875.986633300781,8592
876.114166259766,6134
876.3564453125,2518
876.482513427734,12018
876.608306884766,21270
876.731872558594,15332
876.85693359375,9298
876.984558105469,8676
877.118896484375,44046
877.243774414062,70104
877.369445800781,69716
877.495239257812,68774
877.619201660156,49256
877.745574951172,32000
877.871215820312,14174
877.995269775391,5950
881.985229492188,8986
882.111602783203,5966
882.234741210938,8260
884.109405517578,12540
884.233764648438,38992
884.359497070312,42930
884.484985351562,51146
884.608703613281,46102
884.734619140625,34668
884.860290527344,24014
884.985229492188,5482
887.109985351562,16460
887.236083984375,31882
887.360473632812,42228
887.485717773438,33498
887.611175537109,18298
887.737091064453,6186
895.113830566406,2678
898.493041992188,14914
898.617736816406,25368
898.743469238281,27278
898.86767578125,25696
898.99365234375,20918
899.117736816406,17398
899.241729736328,18494
899.366394042969,10782
899.490478515625,8278
900.119140625,2932
900.2451171875,2612
900.369445800781,2688
900.483764648438,5684
900.733581542969,2958
900.859985351562,2618
902.1201171875,16028
902.244995117188,15202
902.370483398438,12978
902.494384765625,8088
904.662628173828,6032
904.73681640625,5092
904.815795898438,8502
904.893188476562,5706
925.978393554688,2638
926.122863769531,13776
926.266296386719,30088
926.409118652344,37490
926.552947998047,17918
926.695129394531,10256
926.838134765625,3630
927.546630859375,5492
927.631774902344,8730
927.714050292969,13204
927.796569824219,9572
927.881408691406,7970
931.554504394531,40552
931.697937011719,141150
931.840942382812,202006
931.984252929688,205534
932.127197265625,171778
932.269989013672,116728
932.412475585938,79510
932.554931640625,31626
932.696655273438,17880
932.841918945312,8046
932.981750488281,2982
934.12353515625,2716
934.265197753906,2796
934.40966796875,2718
935.837951660156,5638
935.980499267578,5716
936.123962402344,8632
936.268615722656,2994
960.552673339844,2502
960.694030761719,12786
960.838317871094,19124
960.980346679688,18292
961.125366210938,15862
961.267333984375,5226
961.41015625,2720
962.8369140625,16344
962.980529785156,81438
963.122497558594,124302
963.266479492188,120710
963.409423828125,106070
963.552459716797,78152
963.695556640625,45568
963.838836669922,16586
963.982177734375,2630
966.128112792969,6378
966.268798828125,36620
966.412506103516,60450
966.555114746094,68972
966.6982421875,64788
966.841064453125,44408
966.984130859375,24496
967.126953125,9586
967.270446777344,2892
972.128662109375,5794
972.274047851562,12510
972.4150390625,26190
972.557861328125,33748
972.703033447266,23446
972.846618652344,10412
976.69970703125,114170
976.842895507812,319058
976.985809326172,503830
977.129058837891,557750
977.272552490234,542886
977.416442871094,480984
977.560028076172,414532
977.703674316406,302782
977.84716796875,223858
977.990173339844,137068
978.132751464844,71418
978.275360107422,40952
978.4189453125,24168
978.848510742188,5336
978.949981689453,5356
978.996215820312,10528
979.062377929688,5598
979.129943847656,32058
979.178863525391,13990
979.218078613281,3382
979.272583007812,178110
979.337951660156,15056
979.415771484375,458110
979.484985351562,5100
979.557983398438,4837004
979.701171875,11723318
979.844390869141,17295628
979.987487792969,18790268
980.130554199219,16322814
980.273803710938,11845476
980.416778564453,7492016
980.559814453125,4395656
980.628112792969,3678
980.702941894531,2277226
980.773254394531,20446
980.845825195312,1101414
980.906311035156,81644
980.988586425781,563716
981.059204101562,115778
981.131774902344,270276
981.206176757812,71728
981.274230957031,140888
981.340576171875,65058
981.361755371094,8290
981.416320800781,110920
981.488311767578,51928
981.558410644531,93678
981.616821289062,79792
981.700836181641,84316
981.771057128906,39236
981.796783447266,10838
981.845092773438,116566
981.917785644531,20674
981.990112304688,197718
982.057952880859,10008
982.129638671875,169100
982.202209472656,11804
982.273498535156,194788
982.351135253906,3814
982.416748046875,203270
982.559417724609,182566
982.634643554688,3186
982.702209472656,154412
982.844604492188,128202
982.986480712891,116372
983.129699707031,88594
983.270935058594,69456
983.414489746094,44242
983.55810546875,23754
983.699279785156,10402
984.416137695312,5424
984.560852050781,2764
984.700561523438,3350
984.842407226562,2666
985.170288085938,101756
985.414611816406,18842
985.557708740234,38748
985.672973632812,115160
985.843627929688,36738
985.986328125,27708
986.131378173828,18678
986.17236328125,38900
986.673309326172,5454
987.27587890625,11062
987.41796875,20302
987.560638427734,33500
987.703002929688,27222
987.845703125,25080
987.989868164062,25760
988.130798339844,29096
988.274627685547,11118
988.415313720703,5736
989.566467285156,8960
989.709106445312,24756
989.852264404297,22996
989.994567871094,18434
990.136840820312,15598
990.277526855469,6098
990.419067382812,5230
993.70361328125,8526
993.848937988281,20490
993.991729736328,22190
994.134582519531,17452
994.278259277344,9444
1001.57614135742,5322
1001.71899414062,8088
1001.86242675781,8516
1002.00115966797,2538
1002.56323242188,3390
1002.70989990234,16844
1002.85311889648,15950
1002.99578857422,12792
1003.13897705078,9060
1003.27905273438,2516
1008.4111328125,2682
1010.84030151367,6220
1010.98495483398,6014
1011.12725830078,9024
1011.27029418945,5232
1027.27978515625,5338
1027.42358398438,2996
1080.64471435547,8360
1080.81262207031,14354
1080.97985839844,12218
1081.14599609375,6806
1081.31292724609,5812
1086.98132324219,17334
1087.14916992188,72614
1087.31652832031,105260
1087.482421875,116070
1087.64965820312,86232
1087.81689453125,59928
1087.98315429688,34250
1088.14758300781,9564
1088.318359375,2950
1121.14654541016,5886
1121.31414794922,5346
1123.47863769531,5800
1123.64526367188,30570
1123.8125,57096
1123.97821044922,62548
1124.14514160156,51744
1124.31298828125,28504
1124.48022460938,12416
1124.64880371094,2518
1127.31359863281,2532
1127.48181152344,8612
1127.6494140625,27650
1127.81604003906,29346
1127.98205566406,26892
1128.14978027344,16002
1128.31561279297,5382
1134.48681640625,5542
1134.65246582031,11800
1134.8212890625,9936
1134.98840332031,6884
1139.65124511719,58994
1139.81799316406,169334
1139.98510742188,270480
1140.15197753906,307238
1140.31945800781,290834
1140.48693847656,267746
1140.65496826172,225714
1140.82153320312,165658
1140.9892578125,106336
1141.15692138672,67624
1141.32397460938,40512
1141.490234375,15124
1142.65209960938,96048
1142.71301269531,2560
1142.81939697266,241864
1142.90661621094,3428
1142.98559570312,2582462
1143.07641601562,3004
1143.15295410156,6398830
1143.31994628906,9232742
1143.48693847656,10101754
1143.65393066406,8716708
1143.74731445312,3192
1143.82067871094,6428074
1143.98748779297,4083894
1144.15472412109,2357870
1144.25280761719,2522
1144.32165527344,1215708
1144.43017578125,10966
1144.48840332031,592062
1144.59429931641,33208
1144.65472412109,279578
1144.73773193359,10806
1144.76770019531,7206
1144.82141113281,129762
1144.91772460938,34734
1144.98577880859,74640
1145.06414794922,12676
1145.09521484375,4180
1145.15234375,49162
1145.19122314453,172328
1145.23767089844,28408
1145.27990722656,3414
1145.31970214844,41612
1145.40234375,9526
1145.43737792969,12640
1145.48718261719,38378
1145.55395507812,4202
1145.65405273438,50624
1145.69207763672,164640
1145.74658203125,3364
1145.81945800781,65794
1145.90087890625,2620
1145.98828125,84860
1146.15411376953,105452
1146.19409179688,93016
1146.25207519531,2574
1146.32055664062,113334
1146.48748779297,99416
1146.65368652344,86628
1146.69311523438,26496
1146.82019042969,75398
1146.98498535156,65434
1147.15051269531,48610
1147.31707763672,36268
1147.48516845703,24382
1147.64990234375,2534
1149.65905761719,2540
1149.98706054688,5860
1150.15258789062,19192
1150.32055664062,5532
1150.48693847656,2806
1152.15637207031,9444
1152.32458496094,12150
1152.48876953125,13364
1152.65942382812,105650
1152.8271484375,243532
1152.99420166016,381174
1153.16125488281,427192
1153.32849121094,348492
1153.49499511719,259378
1153.66149902344,159460
1153.82794189453,80302
1153.99426269531,41980
1154.1611328125,11142
1154.99731445312,5586
1159.65979003906,8066
1159.82531738281,2886
1159.99255371094,2530
1160.162109375,3002
1168.50732421875,30682
1168.67303466797,68006
1168.84112548828,79562
1169.00738525391,60590
1169.17443847656,51226
1169.34301757812,8950
1169.9951171875,2672
1174.21655273438,27874
1174.71850585938,27630
1175.21838378906,9098
1177.17700195312,54388
1177.67816162109,48564
1178.17761230469,21150
1185.17407226562,43856
1185.67602539062,37064
1186.17810058594,16878
1247.34887695312,8230
1247.44006347656,9496
1247.53076171875,9746
1247.62109375,9360
1247.71258544922,5936
1296.97583007812,2938
1297.17565917969,10452
1297.37512207031,9690
1297.57446289062,5610
1297.77734375,2664
1298.70922851562,79760
1299.21087646484,87596
1299.7109375,46858
1300.21270751953,11498
1304.57977294922,5742
1304.77954101562,33708
1304.98046875,60404
1305.18145751953,61388
1305.38018798828,44438
1305.58135986328,29606
1305.78100585938,12898
1305.98132324219,2878
1321.2412109375,51952
1322.24450683594,23304
1327.73156738281,5218
1328.23638916016,5910
1345.57678222656,2686
1348.37329101562,2572
1348.57537841797,14338
1348.77526855469,24032
1348.97546386719,29894
1349.17639160156,21280
1349.37707519531,8788
1349.57836914062,2918
1353.37817382812,7236
1353.57995605469,10986
1353.78076171875,6198
1353.97985839844,6154
1367.78210449219,24538
1367.98211669922,96466
1368.1826171875,164872
1368.38372802734,188132
1368.58459472656,171440
1368.78521728516,156296
1368.98706054688,132340
1369.18664550781,102080
1369.38842773438,66802
1369.58831787109,40076
1369.78881835938,14012
1369.986328125,2630
1371.38372802734,60174
1371.58410644531,152312
1371.78454589844,1581226
1371.88354492188,9698
1371.98474121094,3973604
1372.08563232422,35934
1372.18542480469,5830760
1372.28552246094,63772
1372.38580322266,6208724
1372.48559570312,74838
1372.58618164062,5402756
1372.6845703125,61946
1372.78625488281,3919434
1372.88842773438,45938
1372.98645019531,2505056
1373.09252929688,18378
1373.18640136719,1445648
1373.28857421875,28532
1373.38671875,733836
1373.49731445312,15228
1373.58642578125,352880
1373.70532226562,22744
1373.78704833984,163116
1373.89306640625,24734
1373.98608398438,82016
1374.07958984375,21014
1374.10717773438,4676
1374.19116210938,42922
1374.2939453125,11324
1374.38500976562,26898
1374.50134277344,11352
1374.52172851562,2830
1374.58813476562,20846
1374.67529296875,13442
1374.73413085938,9274
1374.78271484375,15106
1374.86987304688,3220
1374.98736572266,13146
1375.18450927734,33726
1375.38500976562,44772
1375.58654785156,56098
1375.78540039062,65288
1375.98645019531,57024
1376.18481445312,55714
1376.38427734375,46376
1376.58355712891,43836
1376.78259277344,34122
1376.98114013672,18626
1377.18225097656,8424
1377.98950195312,2792
1378.0908203125,8556
1378.18780517578,12080
1378.28918457031,11894
1378.38842773438,12782
1378.58856201172,5488
1379.29431152344,2814
1379.79278564453,7002
1379.99279785156,16088
1380.18872070312,14512
1380.39294433594,16234
1380.59381103516,5350
1382.98883056641,5302
1383.193359375,24338
1383.39331054688,230000
1383.59411621094,570396
1383.79553222656,840502
1383.99560546875,921390
1384.19604492188,796934
1384.39569091797,568704
1384.595703125,357010
1384.79553222656,193028
1384.99462890625,96060
1385.19494628906,45460
1385.39501953125,9172
1387.98333740234,10466
1388.18518066406,2526
1392.00408935547,50532
1392.20574951172,114854
1392.40686035156,170030
1392.60778808594,185216
1392.80822753906,159100
1393.00842285156,119038
1393.20812988281,72262
1393.40911865234,35108
1393.60803222656,8382
1395.2041015625,29470
1395.40466308594,55528
1395.60443115234,64644
1395.80474853516,56580
1396.00512695312,35622
1396.20629882812,19878
1396.40270996094,2536
1402.40747070312,22398
1402.60906982422,64776
1402.80981445312,70424
1403.009765625,65564
1403.20928955078,43168
1403.41027832031,20092
1404.21484375,3094
1412.83239746094,2562
1458.23706054688,23514
1458.73876953125,27118
1459.23968505859,13018
1524.53820800781,12522
1524.65106201172,35858
1524.76116943359,55126
1524.87231445312,71226
1524.98388671875,84258
1525.09545898438,83282
1525.20642089844,67210
1525.31774902344,52572
1525.42926025391,39976
1525.54040527344,28142
1525.65063476562,16038
1525.76324462891,5906
1531.09814453125,2698
1531.21124267578,12276
1531.3212890625,17016
1531.43383789062,21610
1531.54443359375,19650
1531.65661621094,15990
1531.76721191406,10908
1531.87701416016,5282
1535.88519287109,11806
1535.99664306641,24058
1536.10675048828,31712
1536.21875,32176
1536.33032226562,32868
1536.44201660156,29858
1536.55297851562,20570
1536.66564941406,16304
1536.77465820312,8790
1536.88598632812,2786
1547.34228515625,2532
1547.45654296875,9534
1547.56701660156,8868
1547.6767578125,8886
1547.79022216797,5072
1621.47119140625,6730
1621.71911621094,11866
1621.97143554688,12810
1622.22119140625,11684
1622.470703125,2994
1630.97448730469,10358
1631.22552490234,41170
1631.47637939453,73846
1631.72705078125,85362
1631.97619628906,66386
1632.22814941406,35614
1632.47869873047,17940
1632.72808837891,6596
1632.97521972656,2598
1645.73773193359,5136
1645.99151611328,6290
1646.240234375,6882
1646.49139404297,6434
1646.74353027344,2888
1656.50732421875,2580
1656.75701904297,5890
1657.00897216797,6126
1657.25994873047,5892
1682.22485351562,2828
1682.47021484375,3192
1685.71960449219,2690
1685.97058105469,19662
1686.22338867188,33642
1686.47082519531,48856
1686.7216796875,35546
1686.97216796875,14324
1687.22192382812,3610
1687.47424316406,2504
1691.72302246094,10250
1691.97680664062,13958
1692.22607421875,15834
1692.47607421875,11910
1692.72760009766,7692
1692.97888183594,2954
1700.98901367188,2504
1702.2353515625,5260
1702.48425292969,6746
1702.73413085938,8970
1702.98754882812,2688
1709.98046875,34786
1710.22918701172,114054
1710.48132324219,186398
1710.73101806641,210394
1710.98260498047,208578
1711.23425292969,195050
1711.48498535156,170604
1711.73822021484,140818
1711.98864746094,98744
1712.23858642578,66650
1712.48980712891,28744
1712.74163818359,5942
1714.4814453125,67940
1714.73156738281,179520
1714.98229980469,1843646
1715.23309326172,4555572
1715.35986328125,4196
1715.48364257812,6727506
1715.61529541016,24008
1715.73413085938,7276444
1715.86999511719,24308
1715.984375,6228010
1716.11791992188,5510
1716.23498535156,4577524
1716.37036132812,20346
1716.48547363281,2929522
1716.62365722656,14950
1716.73571777344,1697600
1716.87390136719,41662
1716.98638916016,896982
1717.130859375,32558
1717.23571777344,435420
1717.38079833984,34382
1717.48608398438,225788
1717.60815429688,23266
1717.65979003906,20334
1717.7373046875,115200
1717.87109375,27978
1717.91418457031,12212
1717.98706054688,59728
1718.12719726562,18730
1718.17602539062,3382
1718.23669433594,43162
1718.36437988281,10550
1718.40258789062,5748
1718.42846679688,2788
1718.48498535156,32502
1718.572265625,8870
1718.63427734375,5832
1718.69689941406,5866
1718.7392578125,20756
1718.98693847656,32742
1719.23022460938,39514
1719.48181152344,57112
1719.734375,68236
1719.98400878906,79878
1720.23345947266,72770
1720.48291015625,72512
1720.72979736328,73098
1720.97955322266,74056
1721.22839355469,64590
1721.47875976562,56708
1721.72790527344,36222
1721.97973632812,13478
1722.73773193359,5166
1722.98986816406,8204
1723.24096679688,2730
1724.744140625,18442
1724.990234375,50382
1725.24084472656,66626
1725.49005126953,67498
1725.74224853516,64424
1725.99395751953,54564
1726.24487304688,43882
1726.49584960938,38652
1726.7451171875,30144
1726.99841308594,13152
1727.99877929688,17190
1728.12243652344,19428
1728.24798583984,31302
1728.37176513672,31760
1728.49780273438,41476
1728.62219238281,28832
1728.74481201172,41600
1728.87365722656,16232
1728.99340820312,51022
1729.24401855469,72542
1729.49481201172,496394
1729.74639892578,1254058
1729.99682617188,1873848
1730.24719238281,2029982
1730.49786376953,1740380
1730.74792480469,1267130
1730.998046875,813040
1731.24829101562,460922
1731.49694824219,247750
1731.74737548828,115300
1731.99694824219,54462
1732.24621582031,26578
1732.50122070312,2530
1733.24768066406,5196
1733.49938964844,42176
1733.7509765625,53630
1733.99963378906,69510
1734.25073242188,64270
1734.49816894531,55418
1734.74206542969,53922
1734.98620605469,58242
1735.23822021484,69318
1735.49273681641,96668
1735.62573242188,5498
1735.74688720703,100854
1735.87573242188,3226
1736.00183105469,104424
1736.25372314453,86448
1736.50952148438,74138
1736.76220703125,71942
1737.01098632812,64962
1737.259765625,63586
1737.51135253906,59612
1737.75848388672,38208
1738.00836181641,24852
1738.25634765625,2616
1739.50610351562,2642
1739.75012207031,49624
1740.00457763672,93646
1740.26068115234,667640
1740.51257324219,1684410
1740.63793945312,17118
1740.76318359375,2503538
1740.88702392578,38288
1741.013671875,2717292
1741.13665771484,41690
1741.26416015625,2414848
1741.38696289062,33314
1741.51452636719,1766300
1741.63897705078,16144
1741.76525878906,1144638
1741.89672851562,9336
1742.01440429688,665930
1742.26422119141,350804
1742.38659667969,2736
1742.51324462891,167190
1742.76446533203,84782
1743.0126953125,47926
1743.2607421875,28228
1743.51171875,8176
1743.75463867188,11016
1744.00561523438,98846
1744.25958251953,230872
1744.51000976562,353054
1744.76025390625,373964
1745.01025390625,354576
1745.26025390625,271458
1745.50982666016,177474
1745.75958251953,113502
1746.009765625,75262
1746.25805664062,50682
1746.50579833984,33488
1746.75854492188,11064
1748.01574707031,13638
1748.14318847656,2784
1748.26385498047,20262
1748.51391601562,26172
1748.76593017578,28402
1749.01428222656,12974
1749.26086425781,3022
1749.51025390625,2634
1749.76098632812,2802
1750.00518798828,5524
1750.25616455078,11584
1750.51373291016,5712
1750.76763916016,10432
1751.02465820312,8140
1751.26702880859,5376
1751.52465820312,2522
1751.76818847656,7960
1752.02026367188,15388
1752.26745605469,8196
1753.01416015625,40226
1753.26525878906,118508
1753.40283203125,19978
1753.51641845703,191168
1753.65264892578,29836
1753.76611328125,222146
1753.90319824219,26044
1754.0166015625,192238
1754.15222167969,16542
1754.26580810547,145520
1754.51702880859,104110
1754.77038574219,193928
1755.02380371094,390920
1755.27496337891,549020
1755.52587890625,612198
1755.77581787109,525148
1756.02478027344,400198
1756.275390625,247938
1756.52624511719,146260
1756.7763671875,72658
1757.02307128906,34694
1757.27526855469,5054
1758.26458740234,6130
1758.51733398438,48430
1758.77136230469,85552
1759.0224609375,125248
1759.2744140625,135240
1759.52386474609,108424
1759.77392578125,81840
1760.02294921875,65044
1760.26977539062,43060
1760.51879882812,36910
1760.77258300781,32352
1761.02600097656,34232
1761.27673339844,27844
1761.53009033203,22294
1761.78460693359,5264
1762.04467773438,3520
1762.28753662109,11772
1762.53533935547,29944
1762.78466796875,27414
1763.02935791016,10672
1763.28149414062,5074
1765.28491210938,15560
1765.53833007812,186310
1765.79113769531,495654
1766.04345703125,766658
1766.16625976562,14290
1766.29290771484,862494
1766.41638183594,21316
1766.54382324219,773668
1766.66674804688,11958
1766.79357910156,566194
1766.92016601562,2532
1767.04345703125,366462
1767.29266357422,210824
1767.54187011719,120874
1767.78820800781,83958
1768.03283691406,74494
1768.28009033203,68246
1768.529296875,57296
1768.77758789062,28274
1769.02471923828,18164
1769.28137207031,32710
1769.53430175781,56756
1769.78662109375,81046
1770.03601074219,87184
1770.28674316406,85584
1770.53833007812,63122
1770.78857421875,46012
1771.03674316406,26272
1771.28338623047,5216
1773.28295898438,15432
1773.53540039062,36106
1773.78820800781,32126
1774.03649902344,24878
1774.28521728516,12002
1778.54418945312,21694
1778.79516601562,47092
1778.93103027344,8428
1779.044921875,50508
1779.18072509766,5094
1779.29504394531,44930
1779.54467773438,36898
1779.7939453125,9086
1780.04772949219,48314
1780.30065917969,95620
1780.55444335938,141448
1780.80517578125,163146
1781.05419921875,140310
1781.30517578125,104414
1781.55413818359,67740
1781.80297851562,37932
1782.0517578125,7944
1782.78869628906,2658
1783.53759765625,2692
1784.04968261719,2720
1784.30261230469,20422
1784.55297851562,19562
1784.80383300781,13224
1787.01000976562,2590
1788.3017578125,5938
1788.55200195312,2692
1790.81677246094,42876
1791.06958007812,123518
1791.32037353516,185364
1791.57116699219,222800
1791.82220458984,204756
1792.07189941406,149824
1792.32110595703,100448
1792.57250976562,58852
1792.81970214844,26272
1795.05932617188,2650
1805.83001708984,23504
1806.08288574219,30136
1806.33435058594,24628
1806.58190917969,10878
1816.34924316406,11446
1816.60034179688,45712
1816.84924316406,46486
1817.09887695312,46482
1817.35009765625,34194
1817.60083007812,13548
1989.7294921875,6050
1989.869140625,9188
1990.013671875,9902
1990.15618896484,6040
1990.30596923828,5814
2004.03186035156,10804
2004.17395019531,18752
2004.318359375,20674
2004.46130371094,22818
2004.60339355469,20954
2004.74780273438,16042
2004.89154052734,12784
2005.03283691406,2846
2012.89465332031,2658
2018.33203125,6394
2018.47583007812,19246
2018.62023925781,23682
2018.76232910156,30892
2018.90533447266,34470
2019.04992675781,28602
2019.19274902344,21856
2019.33355712891,15560
2019.48095703125,9958
2019.61871337891,5166
2027.05541992188,2904
2027.19848632812,5146
2032.77685546875,9524
2032.92248535156,21268
2033.06616210938,28698
2033.20867919922,33932
2033.35241699219,33134
2033.49432373047,29728
2033.63714599609,27462
2033.78149414062,17776
2033.92364501953,12460
2041.35778808594,2558
2041.49719238281,2808
2041.64855957031,2992
2041.93591308594,2502
2047.2236328125,3168
2047.36706542969,14790
2047.51025390625,21750
2047.65179443359,29692
2047.796875,30754
2047.94036865234,26158
2048.08374023438,20062
2048.22766113281,14962
2048.37084960938,8270
2061.81518554688,9440
2061.95727539062,16446
2062.09936523438,17674
2062.24340820312,19738
2062.38488769531,16214
2062.52905273438,14434
2062.6728515625,9346
2076.40283203125,7792
2076.54638671875,6952
2076.68811035156,12610
2076.8310546875,9226
2076.97436523438,2874
2175.3056640625,2822
2175.638671875,9446
2175.97607421875,10530
2176.30517578125,3280
2176.63842773438,2882
2194.98657226562,2838
2195.32177734375,2720
2195.65844726562,2726
2196.33447265625,2698
2209.34057617188,10344
2209.67822265625,9844
2210.00927734375,9050
2243.3876953125,2548
2281.31506347656,5822
2281.64599609375,7518
2281.98583984375,15372
2282.32202148438,10954
2282.65893554688,10966
2282.994140625,9158
2283.33349609375,2602
2286.64440917969,8612
2286.97631835938,221562
2287.30895996094,605834
2287.64343261719,882062
2287.97705078125,959492
2288.3115234375,809296
2288.64453125,590910
2288.97998046875,373158
2289.31372070312,214214
2289.6484375,117208
2289.9853515625,57218
2290.32299804688,31038
2290.66540527344,5296
2300.6611328125,2594
2301.33569335938,5664
2301.66821289062,5910
2302.01220703125,3214
2302.3408203125,2896
2305.99926757812,2782
2306.3271484375,128734
2306.66040039062,327540
2306.99365234375,489756
2307.32836914062,563056
2307.66149902344,477350
2307.99633789062,355036
2308.330078125,223804
2308.66369628906,135020
2308.99975585938,64960
2309.33544921875,31666
2309.67236328125,5348
2311.67797851562,9132
2312.00903320312,34958
2312.33959960938,42194
2312.67504882812,37058
2313.00512695312,29614
2313.33471679688,15548
2313.66027832031,11428
2314,24048
2314.33349609375,31876
2314.67199707031,47282
2315.00915527344,43456
2315.34631347656,37222
2315.68896484375,35158
2316.0234375,37846
2316.35620117188,45006
2316.6875,41580
2317.02075195312,42270
2317.35107421875,28958
2317.68896484375,11022
2320.00903320312,6914
2320.34716796875,42292
2320.68139648438,346404
2321.01489257812,893406
2321.3486328125,1348966
2321.68139648438,1530376
2322.01696777344,1341712
2322.3515625,1019468
2322.68566894531,655246
2323.01953125,383698
2323.35412597656,197762
2323.68835449219,105842
2324.02722167969,52162
2324.3583984375,30744
2324.71630859375,2928
2325.68078613281,53288
2326.01171875,129122
2326.3447265625,200632
2326.67993164062,218028
2327.01391601562,197884
2327.34814453125,152360
2327.68225097656,105568
2328.01684570312,70340
2328.34936523438,53162
2328.68078613281,42700
2329.01513671875,31710
2329.34802246094,17770
2331.02416992188,8232
2331.36108398438,19654
2331.69079589844,25008
2332.02612304688,20848
2332.35571289062,14234
2332.69189453125,5684
2333.34655761719,5316
2333.68078613281,11360
2334.02087402344,17396
2334.35571289062,15830
2334.69995117188,14662
2335.03625488281,5826
2335.36828613281,18832
2335.70190429688,23690
2336.03686523438,39220
2336.36962890625,40752
2336.70190429688,37004
2337.03723144531,19264
2337.36889648438,9628
2337.69677734375,8072
2338.02966308594,31842
2338.36303710938,44854
2338.69677734375,49482
2339.02709960938,44674
2339.36120605469,45146
2339.69311523438,33940
2340.03186035156,183960
2340.36669921875,416538
2340.7001953125,644172
2341.03393554688,688300
2341.36779785156,634950
2341.70263671875,464074
2342.03686523438,320070
2342.37023925781,176130
2342.7041015625,105842
2343.03881835938,53078
2343.37060546875,26846
2343.703125,2908
2345.03784179688,39928
2345.37048339844,88972
2345.70385742188,122586
2346.03857421875,142926
2346.37268066406,120830
2346.705078125,101070
2347.03662109375,73178
2347.36669921875,56494
2347.69677734375,50798
2348.03466796875,52906
2348.375,49496
2348.708984375,44468
2349.05053710938,36102
2349.38745117188,35102
2349.72351074219,37654
2350.05615234375,48968
2350.38732910156,59866
2350.71936035156,64696
2351.05346679688,55744
2351.38464355469,41510
2351.71826171875,18138
2352.05004882812,10976
2353.02905273438,2722
2353.36755371094,5268
2353.70458984375,18410
2354.04113769531,38368
2354.38684082031,265014
2354.72192382812,677466
2355.05419921875,1044874
2355.22668457031,14022
2355.38854980469,1178884
2355.56530761719,22566
2355.72119140625,1063018
2355.90087890625,19422
2356.05688476562,806530
2356.39172363281,521986
2356.72680664062,314116
2357.05932617188,183904
2357.39306640625,103238
2357.72204589844,71510
2358.04626464844,51390
2358.38073730469,39606
2358.71166992188,29922
2359.041015625,21552
2359.3828125,63936
2359.71752929688,135670
2360.05090332031,199972
2360.38696289062,222790
2360.71948242188,210552
2361.05395507812,160522
2361.38647460938,117436
2361.720703125,80792
2362.05346679688,56148
2362.38793945312,42520
2362.72180175781,28052
2363.05322265625,15358
2363.38110351562,13054
2364.38696289062,14428
2364.7236328125,47778
2365.05786132812,70394
2365.39245605469,80438
2365.7255859375,69014
2366.0576171875,52094
2366.38745117188,36948
2366.71508789062,22578
2367.0439453125,16366
2367.38500976562,16496
2367.71838378906,17388
2368.05505371094,11636
2368.39282226562,8552
2368.73388671875,3038
2369.06140136719,5420
2369.40185546875,26086
2369.73754882812,42042
2370.07263183594,42374
2370.40673828125,44758
2370.73852539062,32302
2371.07189941406,19926
2371.39611816406,18666
2371.73510742188,46326
2371.91345214844,16032
2372.06750488281,72944
2372.24682617188,24498
2372.40454101562,77606
2372.58264160156,27314
2372.73046875,69030
2372.91943359375,14884
2373.06909179688,58122
2373.24975585938,2622
2373.39685058594,51944
2373.73791503906,124926
2374.07250976562,276536
2374.4072265625,411354
2374.74072265625,469952
2375.07421875,413298
2375.40844726562,333662
2375.74243164062,217538
2376.07592773438,132886
2376.40771484375,82374
2376.73876953125,50580
2377.06665039062,36358
2377.39599609375,25566
2377.72497558594,18796
2378.05322265625,17306
2378.39111328125,15048
2378.73547363281,37342
2379.07348632812,77316
2379.40795898438,104326
2379.74426269531,113896
2380.07666015625,101646
2380.41088867188,91128
2380.74060058594,66038
2381.07153320312,48892
2381.40405273438,42512
2381.74182128906,44008
2381.92333984375,6710
2382.07873535156,46368
2382.25732421875,8876
2382.41723632812,41604
2382.74853515625,30548
2383.07800292969,22356
2383.42065429688,22758
2383.75708007812,38486
2384.08544921875,50888
2384.41821289062,62858
2384.7529296875,60562
2385.08447265625,48128
2385.41577148438,39472
2385.74633789062,18286
2386.07080078125,7898
2386.40356445312,2548
2386.73095703125,13288
2387.06616210938,9732
2387.40222167969,17078
2387.74438476562,16754
2388.09228515625,137146
2388.42895507812,348124
2388.60083007812,9420
2388.76257324219,561844
2388.9345703125,33306
2389.09619140625,647822
2389.2685546875,36952
2389.4306640625,605956
2389.60205078125,30222
2389.76501464844,458470
2389.93505859375,19728
2390.09838867188,315534
2390.27416992188,2720
2390.43383789062,179202
2390.76428222656,106928
2391.09521484375,68926
2391.42504882812,51134
2391.75366210938,46404
2392.08081054688,35752
2392.1025390625,3278
2392.4150390625,29974
2392.7392578125,17048
2393.08666992188,41026
2393.42309570312,78178
2393.75830078125,116592
2394.09167480469,131790
2394.42797851562,113972
2394.76000976562,100542
2395.09362792969,70968
2395.42553710938,50540
2395.75695800781,36292
2396.08850097656,26490
2396.41723632812,18282
2396.74853515625,14268
2397.07885742188,8460
2397.40795898438,5668
2398.08764648438,19390
2398.43017578125,39208
2398.61181640625,9290
2398.76391601562,60672
2398.9423828125,16978
2399.09887695312,59798
2399.2763671875,5512
2399.43200683594,54372
2399.76513671875,37164
2400.091796875,23330
2400.41845703125,12338
2400.744140625,5622
2401.0888671875,8376
2401.42272949219,5498
2402.083984375,2604
2402.42309570312,2638
2403.1005859375,13348
2403.43774414062,32336
2403.77294921875,30916
2404.10461425781,35268
2404.43701171875,25694
2404.75952148438,14556
2405.09790039062,15536
2405.44506835938,37896
2405.62084960938,23624
2405.78149414062,61722
2405.95654296875,37882
2406.11181640625,75608
2406.28833007812,39502
2406.44836425781,67276
2406.62377929688,24564
2406.775390625,47818
2406.95654296875,9564
2407.10375976562,33934
2407.44396972656,60978
2407.77880859375,126364
2408.11279296875,192644
2408.44750976562,219380
2408.78100585938,210884
2409.11450195312,154426
2409.44836425781,112526
2409.77978515625,74384
2410.11120605469,46910
2410.43896484375,29998
2410.76586914062,19440
2411.09252929688,18730
2411.42529296875,14138
2411.75378417969,10946
2412.09338378906,5460
2412.43774414062,20044
2412.77709960938,38720
2413.11499023438,51424
2413.44897460938,58452
2413.78173828125,53294
2414.1181640625,46540
2414.44897460938,36748
2414.77758789062,27270
2415.11401367188,27750
2415.29711914062,2540
2415.45776367188,33706
2415.63061523438,14110
2415.79028320312,36532
2415.96728515625,16578
2416.11853027344,35600
2416.30200195312,2914
2416.4228515625,5988
2416.45727539062,15264
2416.75610351562,5632
2416.78662109375,2866
2417.07739257812,7988
2417.453125,18956
2417.78637695312,27824
2418.12487792969,36456
2418.45556640625,33256
2418.78686523438,24446
2419.12573242188,14748
2419.4423828125,5542
2420.7607421875,2636
2421.43237304688,2938
2421.79406738281,55530
2422.13562011719,138786
2422.30908203125,15432
2422.46826171875,236918
2422.64050292969,31654
2422.80456542969,283826
2422.97680664062,37128
2423.13745117188,275700
2423.30908203125,31866
2423.47216796875,201750
2423.64245605469,20656
2423.80590820312,138962
2424.13525390625,84570
2424.47180175781,50932
2424.80102539062,33496
2425.12866210938,27772
2425.45642089844,16796
2425.78515625,14846
2426.11059570312,5800
2426.78662109375,5660
2427.12646484375,31910
2427.462890625,46516
2427.7998046875,46462
2428.13305664062,49214
2428.46508789062,42902
2428.79821777344,34592
2429.13024902344,24600
2429.78271484375,2570
2432.14282226562,22154
2432.31457519531,6216
2432.47509765625,34546
2432.65124511719,12996
2432.81030273438,33016
2432.98413085938,8926
2433.14453125,29370
2433.466796875,5358
2437.12866210938,2556
2437.4638671875,2520
2439.154296875,15468
2439.32836914062,17934
2439.48779296875,36812
2439.66137695312,30678
2439.82336425781,44328
2439.99584960938,29208
2440.1552734375,35332
2440.32958984375,20014
2440.48828125,26138
2440.66137695312,5690
2440.8203125,8038
2441.14782714844,23752
2441.48583984375,45280
2441.81811523438,70624
2442.15478515625,83132
2442.48779296875,75810
2442.81884765625,64508
2443.15295410156,48276
2443.48461914062,33966
2443.81286621094,17120
2444.14770507812,2752
2446.47827148438,2770
2446.81689453125,13752
2447.15637207031,11344
2447.490234375,2572
2449.166015625,13840
2449.33715820312,2522
2449.49462890625,18752
2449.67407226562,5498
2449.83483886719,6240
2455.50048828125,2548
2455.83813476562,48886
2456.17614746094,78272
2456.34826660156,14174
2456.5107421875,103028
2456.68041992188,21776
2456.84558105469,96208
2457.01904296875,14606
2457.1787109375,73378
2457.35107421875,9116
2457.51196289062,47852
2457.84399414062,29012
2458.17578125,2538
2461.50268554688,2840
2461.83178710938,2560
2466.18603515625,2540
2466.51538085938,2566
2473.19995117188,8836
2473.36889648438,9322
2473.53283691406,12538
2473.70458984375,9334
2473.86181640625,8078
2475.52709960938,8568
2475.86279296875,15408
2476.19323730469,17022
2476.52734375,14066
2489.88232421875,15804
2490.21557617188,28886
2490.55151367188,26400
2490.88781738281,18488
